{
    "$schema": "https://schemas.wp.org/trunk/theme.json",
    "version": 2,
    "settings": {
        "color": {
            "custom": true,
            "customGradient": true,
            "palette": [
                {
                    "slug": "primary",
                    "color": "#2563eb",
                    "name": "Primary"
                },
                {
                    "slug": "primary-dark", 
                    "color": "#1d4ed8",
                    "name": "Primary Dark"
                },
                {
                    "slug": "secondary",
                    "color": "#64748b",
                    "name": "Secondary"
                },
                {
                    "slug": "accent",
                    "color": "#f59e0b",
                    "name": "Accent"
                },
                {
                    "slug": "success",
                    "color": "#10b981",
                    "name": "Success"
                },
                {
                    "slug": "error",
                    "color": "#ef4444",
                    "name": "Error"
                },
                {
                    "slug": "background",
                    "color": "#ffffff",
                    "name": "Background"
                },
                {
                    "slug": "background-alt",
                    "color": "#f8fafc",
                    "name": "Background Alt"
                },
                {
                    "slug": "text",
                    "color": "#1e293b",
                    "name": "Text"
                },
                {
                    "slug": "text-muted",
                    "color": "#64748b",
                    "name": "Text Muted"
                }
            ]
        },
        "typography": {
            "customFontSize": true,
            "fontFamilies": [
                {
                    "fontFamily": "-apple-system, BlinkMacSystemFont, 'Segoe UI', Roboto, sans-serif",
                    "name": "System Font",
                    "slug": "system"
                }
            ],
            "fontSizes": [
                {
                    "size": "0.875rem",
                    "slug": "small",
                    "name": "Small"
                },
                {
                    "size": "1rem",
                    "slug": "normal", 
                    "name": "Normal"
                },
                {
                    "size": "1.125rem",
                    "slug": "medium",
                    "name": "Medium"
                },
                {
                    "size": "1.25rem",
                    "slug": "large",
                    "name": "Large"
                },
                {
                    "size": "2rem",
                    "slug": "x-large",
                    "name": "Extra Large"
                }
            ]
        },
        "spacing": {
            "customSpacing": true,
            "units": ["px", "em", "rem", "vh", "vw", "%"]
        },
        "layout": {
            "contentSize": "1200px",
            "wideSize": "1400px"
        }
    },
    "styles": {
        "color": {
            "background": "var(--wp--preset--color--background)",
            "text": "var(--wp--preset--color--text)"
        },
        "typography": {
            "fontFamily": "var(--wp--preset--font-family--system)",
            "fontSize": "var(--wp--preset--font-size--normal)",
            "lineHeight": "1.6"
        },
        "elements": {
            "link": {
                "color": {
                    "text": "var(--wp--preset--color--primary)"
                },
                ":hover": {
                    "color": {
                        "text": "var(--wp--preset--color--primary-dark)"
                    }
                }
            },
            "button": {
                "color": {
                    "background": "var(--wp--preset--color--primary)",
                    "text": "#ffffff"
                },
                "typography": {
                    "fontWeight": "600"
                },
                "border": {
                    "radius": "8px"
                }
            }
        }
    }
}